{
    "src/main.c": [
        1750827926.9042218,
        [
            "-Wall"
        ],
        "ok"
    ],
    "src/string_test_new.c": [
        1750829388.738484,
        [
            "-Wall"
        ],
        "ok"
    ],
    "src/string.c": [
        1750828917.6146114,
        [
            "-Wall"
        ],
        "ok"
    ]
}